Users,Hashtags
beyonce, monument
brooklynbeckham,worldheritage
charlizeafrica,amazing
prattprattpratt,trip
theellenshow ,architecture 
humansofny ,travel
popsugar,skyscraper
salmahayek,awesomeearth
victoriabeckham,nature_sultans
leonardodicaprio,englishheritage
aliciakeys,beautiful
jessicaalba,vacaciones
jamiedornan,cultural
annejhathaway,wonders
instagranph,sculpture
aw,goldentours
emmawatson,beautifulplaces 
the_native_tiger,vacation
katebosworth,archilovers
juleshough,world
reesewitherspoon,sculpture
kimkardashian,landscape
mileycyrus,
justintimberlake,
ladygaga,
darrencriss,
mena13suvari,
normancook,
dianekrugerperso,
mindykaling,
itsashbenzo,
iansomerhalder,
gisele,
emmaroberts,
joejonas,
itsludacris,
miloanthonyventimiglia,
jamielynnspears,
itsmeleighton,
oprah,
kathygriffin,
angelcandices,
fergie,
jamesfrancotv,
lenadunham,
glassofwhiskey,
ellenpompeo,
Redfoo,
jimmyfallon,
busyphilipps,
chrissyteigen,
mariahcarey,
joybeezy,
msleamichele,
krisjenner,
jessicasimpson,
wilmervalderrama,
drewbarrymore,
lucyhale,
caradelevingne,
randyjackson,
emmyrossum,
jlo,
iamdiddy,
khloekardashian,
johnlegend,
jaime_king,
champagnepapi,
camerondiaz,
andersoncooper,
vanderjames,
serenawilliams,
derekhough,
rainnwilson,
joshduhamel,
jessetyler,
ijessewilliams,
TheRock,
mrjoshhopkins,
minkak,
clarencehouse,
shakira,
michelleobama,
selenagomez,
cristiano,
leomessi,
kourtneykardash,
nike,
